pre_id,post_id,weight
720575940000082068,720575940000023448,7
720575940000203216,720575940000023448,-31
720575940000061551,720575940000023448,5
720575940000028333,720575940000023448,-36
720575940000095746,720575940000023448,15
720575940000153389,720575940000023448,18
720575940000006839,720575940000023448,7
720575940000088907,720575940000023448,2
720575940000019540,720575940000023448,18
720575940000071321,720575940000023448,20
720575940000095746,720575940000024425,6
720575940000174883,720575940000024425,25
720575940000149481,720575940000024425,12
720575940000084999,720575940000024425,-18
720575940000044942,720575940000024425,1
720575940000095746,720575940000024425,33
720575940000071321,720575940000024425,-28
720575940000172929,720575940000024425,28
720575940000135803,720575940000024425,15
720575940000099654,720575940000024425,3
720575940000042988,720575940000025402,30
720575940000179768,720575940000025402,34
720575940000156320,720575940000025402,-22
720575940000059597,720575940000025402,5
720575940000126033,720575940000025402,29
720575940000091838,720575940000025402,23
720575940000131895,720575940000025402,36
720575940000072298,720575940000025402,7
720575940000021494,720575940000025402,15
720575940000092815,720575940000025402,8
720575940000105516,720575940000026379,19
720575940000137757,720575940000026379,3
720575940000112355,720575940000026379,19
720575940000207124,720575940000026379,2
720575940000103562,720575940000026379,21
720575940000061551,720575940000026379,-40
720575940000193446,720575940000026379,19
720575940000177814,720575940000026379,29
720575940000095746,720575940000026379,17
720575940000118217,720575940000026379,22
720575940000166090,720575940000027356,24
720575940000034195,720575940000027356,-11
720575940000114309,720575940000027356,19
720575940000166090,720575940000027356,29
720575940000075229,720575940000027356,-14
720575940000051781,720575940000027356,4
720575940000037126,720575940000027356,39
720575940000192469,720575940000027356,39
720575940000033218,720575940000027356,-38
720575940000084999,720575940000027356,3
720575940000053735,720575940000028333,27
720575940000185630,720575940000028333,31
720575940000073275,720575940000028333,29
720575940000126033,720575940000028333,-3
720575940000078160,720575940000028333,-29
720575940000084999,720575940000028333,-14
720575940000147527,720575940000028333,3
720575940000032241,720575940000028333,17
720575940000084022,720575940000028333,15
720575940000127010,720575940000028333,10
720575940000104539,720575940000029310,21
720575940000164136,720575940000029310,37
720575940000124079,720575940000029310,32
720575940000120171,720575940000029310,28
720575940000075229,720575940000029310,22
720575940000096723,720575940000029310,-21
720575940000015632,720575940000029310,-34
720575940000077183,720575940000029310,22
720575940000121148,720575940000029310,-5
720575940000092815,720575940000029310,3
720575940000122125,720575940000030287,18
720575940000189538,720575940000030287,11
720575940000195400,720575940000030287,-37
720575940000140688,720575940000030287,-25
720575940000077183,720575940000030287,14
720575940000062528,720575940000030287,40
720575940000086953,720575940000030287,26
720575940000014655,720575940000030287,-15
720575940000160228,720575940000030287,13
720575940000063505,720575940000030287,36
720575940000005862,720575940000031264,-34
720575940000132872,720575940000031264,6
720575940000197354,720575940000031264,32
720575940000163159,720575940000031264,39
720575940000005862,720575940000031264,3
720575940000113332,720575940000031264,34
720575940000025402,720575940000031264,23
720575940000018563,720575940000031264,6
720575940000159251,720575940000031264,-25
720575940000074252,720575940000032241,25
720575940000081091,720575940000032241,-26
720575940000046896,720575940000032241,8
720575940000177814,720575940000032241,33
720575940000131895,720575940000032241,-29
720575940000040057,720575940000032241,20
720575940000021494,720575940000032241,-28
720575940000052758,720575940000032241,24
720575940000063505,720575940000032241,10
720575940000104539,720575940000032241,-22
720575940000087930,720575940000033218,11
720575940000024425,720575940000033218,8
720575940000159251,720575940000033218,32
720575940000008793,720575940000033218,-34
720575940000042011,720575940000033218,27
720575940000096723,720575940000033218,15
720575940000003908,720575940000033218,1
720575940000192469,720575940000033218,40
720575940000101608,720575940000033218,-37
720575940000099654,720575940000033218,-40
720575940000177814,720575940000034195,-26
720575940000058620,720575940000034195,39
720575940000113332,720575940000034195,9
720575940000130918,720575940000034195,39
720575940000058620,720575940000034195,19
720575940000116263,720575940000034195,37
720575940000010747,720575940000034195,40
720575940000045919,720575940000034195,26
720575940000184653,720575940000034195,22
720575940000186607,720575940000034195,21
720575940000066436,720575940000035172,2
720575940000173906,720575940000035172,34
720575940000000977,720575940000035172,23
720575940000013678,720575940000035172,11
720575940000068390,720575940000035172,-37
720575940000042011,720575940000035172,12
720575940000185630,720575940000035172,-15
720575940000177814,720575940000035172,26
720575940000172929,720575940000035172,32
720575940000199308,720575940000035172,20
720575940000115286,720575940000036149,21
720575940000157297,720575940000036149,-26
720575940000149481,720575940000036149,-21
720575940000093792,720575940000036149,-27
720575940000169998,720575940000036149,17
720575940000069367,720575940000036149,-36
720575940000176837,720575940000036149,26
720575940000120171,720575940000036149,10
720575940000150458,720575940000036149,30
720575940000180745,720575940000036149,39
720575940000010747,720575940000037126,6
720575940000000977,720575940000037126,31
720575940000078160,720575940000037126,-39
720575940000006839,720575940000037126,10
720575940000083045,720575940000037126,20
720575940000055689,720575940000037126,11
720575940000122125,720575940000037126,2
720575940000154366,720575940000037126,11
720575940000000000,720575940000037126,14
720575940000031264,720575940000037126,6
720575940000053735,720575940000038103,4
720575940000183676,720575940000038103,40
720575940000180745,720575940000038103,10
720575940000186607,720575940000038103,-9
720575940000200285,720575940000038103,36
720575940000114309,720575940000038103,36
720575940000061551,720575940000038103,-10
720575940000077183,720575940000038103,31
720575940000149481,720575940000038103,25
720575940000065459,720575940000038103,17
720575940000151435,720575940000039080,-35
720575940000193446,720575940000039080,26
720575940000105516,720575940000039080,25
720575940000038103,720575940000039080,-2
720575940000092815,720575940000039080,20
720575940000009770,720575940000039080,6
720575940000062528,720575940000039080,39
720575940000017586,720575940000039080,15
720575940000081091,720575940000039080,31
720575940000202239,720575940000039080,29
720575940000206147,720575940000040057,-22
720575940000066436,720575940000040057,7
720575940000141665,720575940000040057,20
720575940000184653,720575940000040057,-39
720575940000207124,720575940000040057,14
720575940000086953,720575940000040057,31
720575940000179768,720575940000040057,6
720575940000082068,720575940000040057,7
720575940000187584,720575940000040057,39
720575940000103562,720575940000040057,-23
720575940000042988,720575940000041034,3
720575940000147527,720575940000041034,3
720575940000073275,720575940000041034,22
720575940000007816,720575940000041034,20
720575940000051781,720575940000041034,5
720575940000079137,720575940000041034,40
720575940000027356,720575940000041034,1
720575940000142642,720575940000041034,14
720575940000113332,720575940000041034,23
720575940000015632,720575940000041034,25
720575940000180745,720575940000042011,-3
720575940000066436,720575940000042011,-32
720575940000039080,720575940000042011,36
720575940000195400,720575940000042011,14
720575940000199308,720575940000042011,-21
720575940000066436,720575940000042011,2
720575940000142642,720575940000042011,-18
720575940000105516,720575940000042011,-27
720575940000103562,720575940000042011,17
720575940000092815,720575940000042011,2
720575940000124079,720575940000042988,39
720575940000094769,720575940000042988,40
720575940000001954,720575940000042988,6
720575940000007816,720575940000042988,40
720575940000045919,720575940000042988,17
720575940000190515,720575940000042988,32
720575940000002931,720575940000042988,22
720575940000025402,720575940000042988,-37
720575940000074252,720575940000042988,6
720575940000084022,720575940000042988,8
720575940000011724,720575940000043965,19
720575940000165113,720575940000043965,5
720575940000188561,720575940000043965,2
720575940000000977,720575940000043965,14
720575940000088907,720575940000043965,38
720575940000104539,720575940000043965,39
720575940000114309,720575940000043965,11
720575940000000977,720575940000043965,4
720575940000036149,720575940000043965,4
720575940000191492,720575940000043965,32
720575940000048850,720575940000044942,9
720575940000121148,720575940000044942,-39
720575940000159251,720575940000044942,-35
720575940000103562,720575940000044942,28
720575940000209078,720575940000044942,-3
720575940000001954,720575940000044942,12
720575940000061551,720575940000044942,15
720575940000096723,720575940000044942,24
720575940000166090,720575940000044942,40
720575940000192469,720575940000044942,25
720575940000114309,720575940000045919,15
720575940000070344,720575940000045919,12
720575940000156320,720575940000045919,2
720575940000029310,720575940000045919,13
720575940000096723,720575940000045919,35
720575940000147527,720575940000045919,20
720575940000011724,720575940000045919,-11
720575940000057643,720575940000045919,-40
720575940000138734,720575940000045919,23
720575940000024425,720575940000045919,-9
720575940000134826,720575940000046896,27
720575940000076206,720575940000046896,22
720575940000096723,720575940000046896,6
720575940000143619,720575940000046896,34
720575940000038103,720575940000046896,40
720575940000083045,720575940000046896,39
720575940000028333,720575940000046896,25
720575940000131895,720575940000046896,38
720575940000057643,720575940000046896,9
720575940000068390,720575940000046896,15
720575940000131895,720575940000047873,35
720575940000181722,720575940000047873,11
720575940000205170,720575940000047873,35
720575940000187584,720575940000047873,17
720575940000171952,720575940000047873,35
720575940000031264,720575940000047873,24
720575940000166090,720575940000047873,32
720575940000140688,720575940000047873,5
720575940000179768,720575940000047873,11
720575940000058620,720575940000047873,39
720575940000021494,720575940000048850,35
720575940000016609,720575940000048850,6
720575940000200285,720575940000048850,39
720575940000060574,720575940000048850,17
720575940000178791,720575940000048850,19
720575940000141665,720575940000048850,14
720575940000183676,720575940000048850,-19
720575940000155343,720575940000048850,9
720575940000094769,720575940000048850,-3
720575940000023448,720575940000048850,34
720575940000173906,720575940000049827,5
720575940000073275,720575940000049827,-6
720575940000011724,720575940000049827,-3
720575940000093792,720575940000049827,13
720575940000016609,720575940000049827,13
720575940000202239,720575940000049827,6
720575940000025402,720575940000049827,19
720575940000153389,720575940000049827,-5
720575940000045919,720575940000049827,11
720575940000180745,720575940000049827,33
720575940000196377,720575940000050804,4
720575940000039080,720575940000050804,28
720575940000056666,720575940000050804,34
720575940000104539,720575940000050804,18
720575940000056666,720575940000050804,38
720575940000183676,720575940000050804,39
720575940000024425,720575940000050804,3
720575940000003908,720575940000050804,35
720575940000183676,720575940000050804,-20
720575940000170975,720575940000050804,10
720575940000154366,720575940000051781,35
720575940000136780,720575940000051781,40
720575940000135803,720575940000051781,31
720575940000185630,720575940000051781,38
720575940000162182,720575940000051781,17
720575940000169998,720575940000051781,-22
720575940000063505,720575940000051781,11
720575940000101608,720575940000051781,21
720575940000199308,720575940000051781,35
720575940000143619,720575940000051781,18
720575940000115286,720575940000052758,21
720575940000046896,720575940000052758,22
720575940000182699,720575940000052758,12
720575940000132872,720575940000052758,20
720575940000031264,720575940000052758,3
720575940000023448,720575940000052758,15
720575940000084022,720575940000052758,26
720575940000119194,720575940000052758,29
720575940000206147,720575940000052758,-19
720575940000149481,720575940000052758,22
720575940000009770,720575940000053735,7
720575940000069367,720575940000053735,27
720575940000024425,720575940000053735,-11
720575940000131895,720575940000053735,36
720575940000078160,720575940000053735,22
720575940000150458,720575940000053735,9
720575940000023448,720575940000053735,24
720575940000046896,720575940000053735,-37
720575940000076206,720575940000053735,-23
720575940000166090,720575940000053735,-36
720575940000206147,720575940000054712,26
720575940000062528,720575940000054712,29
720575940000120171,720575940000054712,2
720575940000045919,720575940000054712,7
720575940000136780,720575940000054712,-23
720575940000001954,720575940000054712,-21
720575940000123102,720575940000054712,26
720575940000205170,720575940000054712,22
720575940000117240,720575940000055689,32
720575940000131895,720575940000055689,15
720575940000167067,720575940000055689,28
720575940000093792,720575940000055689,22
720575940000156320,720575940000055689,34
720575940000005862,720575940000055689,40
720575940000069367,720575940000055689,-15
720575940000152412,720575940000055689,28
720575940000132872,720575940000055689,-35
720575940000189538,720575940000055689,32
720575940000026379,720575940000056666,-23
720575940000140688,720575940000056666,13
720575940000058620,720575940000056666,24
720575940000061551,720575940000056666,35
720575940000202239,720575940000056666,-39
720575940000009770,720575940000056666,32
720575940000119194,720575940000056666,-23
720575940000178791,720575940000056666,28
720575940000086953,720575940000056666,35
720575940000067413,720575940000056666,30
720575940000194423,720575940000057643,9
720575940000034195,720575940000057643,15
720575940000004885,720575940000057643,10
720575940000101608,720575940000057643,29
720575940000167067,720575940000057643,18
720575940000010747,720575940000057643,5
720575940000032241,720575940000057643,-8
720575940000203216,720575940000057643,15
720575940000141665,720575940000057643,35
720575940000176837,720575940000057643,12
720575940000072298,720575940000058620,13
720575940000151435,720575940000058620,15
720575940000026379,720575940000058620,-21
720575940000110401,720575940000058620,37
720575940000124079,720575940000058620,22
720575940000187584,720575940000058620,40
720575940000085976,720575940000058620,7
720575940000037126,720575940000058620,4
720575940000006839,720575940000058620,-5
720575940000074252,720575940000058620,4
720575940000145573,720575940000059597,-24
720575940000040057,720575940000059597,10
720575940000204193,720575940000059597,-28
720575940000151435,720575940000059597,-7
720575940000065459,720575940000059597,3
720575940000065459,720575940000059597,-35
720575940000154366,720575940000059597,-29
720575940000114309,720575940000059597,-16
720575940000182699,720575940000059597,18
720575940000166090,720575940000059597,18
720575940000122125,720575940000060574,19
720575940000008793,720575940000060574,11
720575940000151435,720575940000060574,11
720575940000196377,720575940000060574,-35
720575940000055689,720575940000060574,40
720575940000013678,720575940000060574,36
720575940000041034,720575940000060574,20
720575940000030287,720575940000060574,33
720575940000137757,720575940000060574,34
720575940000024425,720575940000060574,17
720575940000018563,720575940000061551,13
720575940000051781,720575940000061551,38
720575940000123102,720575940000061551,34
720575940000090861,720575940000061551,7
720575940000123102,720575940000061551,39
720575940000014655,720575940000061551,32
720575940000172929,720575940000061551,13
720575940000145573,720575940000061551,11
720575940000002931,720575940000061551,22
720575940000206147,720575940000061551,14
720575940000070344,720575940000062528,-34
720575940000103562,720575940000062528,40
720575940000065459,720575940000062528,38
720575940000151435,720575940000062528,-29
720575940000114309,720575940000062528,5
720575940000013678,720575940000062528,-32
720575940000090861,720575940000062528,10
720575940000050804,720575940000062528,29
720575940000171952,720575940000062528,-30
720575940000043965,720575940000062528,24
720575940000210055,720575940000063505,39
720575940000098677,720575940000063505,11
720575940000119194,720575940000063505,25
720575940000143619,720575940000063505,3
720575940000102585,720575940000063505,16
720575940000123102,720575940000063505,13
720575940000140688,720575940000063505,-20
720575940000120171,720575940000063505,22
720575940000131895,720575940000063505,3
720575940000207124,720575940000063505,36
720575940000070344,720575940000064482,34
720575940000146550,720575940000064482,17
720575940000001954,720575940000064482,9
720575940000116263,720575940000064482,26
720575940000127987,720575940000064482,16
720575940000110401,720575940000064482,-24
720575940000122125,720575940000064482,25
720575940000207124,720575940000064482,9
720575940000140688,720575940000064482,-17
720575940000003908,720575940000064482,29
720575940000155343,720575940000065459,24
720575940000009770,720575940000065459,12
720575940000059597,720575940000065459,40
720575940000151435,720575940000065459,5
720575940000146550,720575940000065459,18
720575940000178791,720575940000065459,1
720575940000130918,720575940000065459,-18
720575940000147527,720575940000065459,2
720575940000049827,720575940000065459,27
720575940000012701,720575940000065459,36
720575940000135803,720575940000066436,21
720575940000087930,720575940000066436,-11
720575940000028333,720575940000066436,17
720575940000086953,720575940000066436,25
720575940000108447,720575940000066436,37
720575940000175860,720575940000066436,28
720575940000088907,720575940000066436,16
720575940000166090,720575940000066436,7
720575940000146550,720575940000066436,27
720575940000205170,720575940000066436,25
720575940000131895,720575940000067413,-34
720575940000180745,720575940000067413,-37
720575940000063505,720575940000067413,-33
720575940000066436,720575940000067413,23
720575940000092815,720575940000067413,29
720575940000194423,720575940000067413,19
720575940000189538,720575940000067413,-17
720575940000156320,720575940000067413,-34
720575940000106493,720575940000067413,21
720575940000007816,720575940000067413,-24
720575940000160228,720575940000068390,10
720575940000078160,720575940000068390,40
720575940000115286,720575940000068390,17
720575940000127987,720575940000068390,-19
720575940000185630,720575940000068390,-33
720575940000065459,720575940000068390,-15
720575940000120171,720575940000068390,21
720575940000210055,720575940000068390,17
720575940000132872,720575940000068390,13
720575940000142642,720575940000068390,32
720575940000170975,720575940000069367,5
720575940000086953,720575940000069367,10
720575940000102585,720575940000069367,-22
720575940000114309,720575940000069367,6
720575940000171952,720575940000069367,30
720575940000115286,720575940000069367,23
720575940000210055,720575940000069367,6
720575940000112355,720575940000069367,36
720575940000139711,720575940000069367,-33
720575940000174883,720575940000069367,-12
720575940000054712,720575940000070344,27
720575940000009770,720575940000070344,35
720575940000097700,720575940000070344,-37
720575940000064482,720575940000070344,15
720575940000203216,720575940000070344,-13
720575940000181722,720575940000070344,-9
720575940000159251,720575940000070344,20
720575940000062528,720575940000070344,39
720575940000010747,720575940000070344,10
720575940000149481,720575940000070344,21
720575940000196377,720575940000071321,-7
720575940000033218,720575940000071321,33
720575940000097700,720575940000071321,29
720575940000046896,720575940000071321,14
720575940000179768,720575940000071321,40
720575940000040057,720575940000071321,6
720575940000030287,720575940000071321,9
720575940000176837,720575940000071321,12
720575940000167067,720575940000071321,11
720575940000035172,720575940000071321,21
720575940000183676,720575940000072298,30
720575940000141665,720575940000072298,8
720575940000148504,720575940000072298,19
720575940000171952,720575940000072298,20
720575940000037126,720575940000072298,35
720575940000133849,720575940000072298,1
720575940000021494,720575940000072298,5
720575940000199308,720575940000072298,39
720575940000038103,720575940000072298,-5
720575940000143619,720575940000072298,-30
720575940000149481,720575940000073275,-36
720575940000210055,720575940000073275,-21
720575940000164136,720575940000073275,34
720575940000076206,720575940000073275,26
720575940000168044,720575940000073275,39
720575940000111378,720575940000073275,-3
720575940000090861,720575940000073275,27
720575940000077183,720575940000073275,-24
720575940000048850,720575940000073275,27
720575940000088907,720575940000073275,38
720575940000209078,720575940000074252,-8
720575940000068390,720575940000074252,5
720575940000205170,720575940000074252,-10
720575940000124079,720575940000074252,15
720575940000080114,720575940000074252,11
720575940000064482,720575940000074252,18
720575940000054712,720575940000074252,14
720575940000097700,720575940000074252,37
720575940000201262,720575940000074252,28
720575940000121148,720575940000074252,-19
720575940000153389,720575940000075229,-14
720575940000041034,720575940000075229,-29
720575940000136780,720575940000075229,-18
720575940000097700,720575940000075229,13
720575940000090861,720575940000075229,32
720575940000078160,720575940000075229,32
720575940000103562,720575940000075229,-10
720575940000115286,720575940000075229,-15
720575940000014655,720575940000075229,16
720575940000141665,720575940000075229,36
720575940000060574,720575940000076206,34
720575940000154366,720575940000076206,40
720575940000179768,720575940000076206,30
720575940000188561,720575940000076206,-34
720575940000169021,720575940000076206,40
720575940000100631,720575940000076206,10
720575940000039080,720575940000076206,28
720575940000072298,720575940000076206,11
720575940000051781,720575940000076206,-19
720575940000054712,720575940000076206,10
720575940000000977,720575940000077183,23
720575940000202239,720575940000077183,-18
720575940000009770,720575940000077183,22
720575940000118217,720575940000077183,26
720575940000097700,720575940000077183,28
720575940000015632,720575940000077183,20
720575940000052758,720575940000077183,16
720575940000046896,720575940000077183,26
720575940000121148,720575940000077183,13
720575940000069367,720575940000077183,5
720575940000086953,720575940000078160,19
720575940000136780,720575940000078160,-24
720575940000151435,720575940000078160,26
720575940000206147,720575940000078160,28
720575940000144596,720575940000078160,5
720575940000131895,720575940000078160,-39
720575940000017586,720575940000078160,9
720575940000027356,720575940000078160,-35
720575940000111378,720575940000078160,9
720575940000174883,720575940000078160,-15
720575940000095746,720575940000079137,31
720575940000159251,720575940000079137,15
720575940000119194,720575940000079137,10
720575940000110401,720575940000079137,36
720575940000084022,720575940000079137,7
720575940000056666,720575940000079137,39
720575940000127987,720575940000079137,-12
720575940000048850,720575940000079137,7
720575940000051781,720575940000079137,28
720575940000043965,720575940000079137,14
720575940000097700,720575940000080114,-7
720575940000195400,720575940000080114,24
720575940000189538,720575940000080114,37
720575940000137757,720575940000080114,37
720575940000147527,720575940000080114,27
720575940000078160,720575940000080114,-12
720575940000172929,720575940000080114,-31
720575940000154366,720575940000080114,15
720575940000012701,720575940000080114,18
720575940000000000,720575940000080114,-37
720575940000066436,720575940000081091,4
720575940000007816,720575940000081091,22
720575940000082068,720575940000081091,28
720575940000000977,720575940000081091,31
720575940000133849,720575940000081091,-34
720575940000096723,720575940000081091,21
720575940000055689,720575940000081091,-29
720575940000056666,720575940000081091,14
720575940000046896,720575940000081091,-15
720575940000118217,720575940000081091,18
720575940000000000,720575940000082068,4
720575940000115286,720575940000082068,-1
720575940000037126,720575940000082068,31
720575940000146550,720575940000082068,-12
720575940000164136,720575940000082068,27
720575940000061551,720575940000082068,33
720575940000148504,720575940000082068,19
720575940000013678,720575940000082068,-33
720575940000127010,720575940000082068,-27
720575940000011724,720575940000082068,11
720575940000047873,720575940000083045,29
720575940000061551,720575940000083045,38
720575940000191492,720575940000083045,4
720575940000151435,720575940000083045,-1
720575940000155343,720575940000083045,34
720575940000129941,720575940000083045,40
720575940000022471,720575940000083045,-34
720575940000098677,720575940000083045,1
720575940000119194,720575940000083045,9
720575940000017586,720575940000083045,38
720575940000201262,720575940000084022,19
720575940000036149,720575940000084022,-4
720575940000150458,720575940000084022,31
720575940000154366,720575940000084022,28
720575940000162182,720575940000084022,-13
720575940000052758,720575940000084022,12
720575940000082068,720575940000084022,38
720575940000076206,720575940000084022,31
720575940000153389,720575940000084022,20
720575940000086953,720575940000084022,14
720575940000171952,720575940000084999,38
720575940000163159,720575940000084999,37
720575940000163159,720575940000084999,33
720575940000031264,720575940000084999,16
720575940000103562,720575940000084999,37
720575940000032241,720575940000084999,39
720575940000108447,720575940000084999,38
720575940000063505,720575940000084999,-22
720575940000193446,720575940000084999,4
720575940000144596,720575940000084999,-17
720575940000198331,720575940000085976,32
720575940000089884,720575940000085976,2
720575940000075229,720575940000085976,33
720575940000067413,720575940000085976,5
720575940000176837,720575940000085976,2
720575940000006839,720575940000085976,3
720575940000014655,720575940000085976,30
720575940000095746,720575940000085976,12
720575940000181722,720575940000085976,32
720575940000032241,720575940000085976,-13
720575940000208101,720575940000086953,17
720575940000102585,720575940000086953,9
720575940000002931,720575940000086953,-8
720575940000016609,720575940000086953,35
720575940000064482,720575940000086953,14
720575940000070344,720575940000086953,13
720575940000167067,720575940000086953,31
720575940000001954,720575940000086953,21
720575940000124079,720575940000086953,27
720575940000147527,720575940000086953,28
720575940000117240,720575940000087930,19
720575940000071321,720575940000087930,9
720575940000184653,720575940000087930,-32
720575940000042011,720575940000087930,-39
720575940000138734,720575940000087930,-10
720575940000130918,720575940000087930,13
720575940000091838,720575940000087930,24
720575940000191492,720575940000087930,30
720575940000069367,720575940000087930,7
720575940000114309,720575940000087930,21
720575940000153389,720575940000088907,19
720575940000180745,720575940000088907,17
720575940000085976,720575940000088907,2
720575940000165113,720575940000088907,33
720575940000076206,720575940000088907,28
720575940000084999,720575940000088907,38
720575940000015632,720575940000088907,27
720575940000067413,720575940000088907,19
720575940000055689,720575940000088907,38
720575940000060574,720575940000089884,26
720575940000037126,720575940000089884,6
720575940000194423,720575940000089884,1
720575940000117240,720575940000089884,10
720575940000087930,720575940000089884,37
720575940000052758,720575940000089884,4
720575940000060574,720575940000089884,5
720575940000164136,720575940000089884,-4
720575940000198331,720575940000089884,6
720575940000204193,720575940000089884,-17
720575940000128964,720575940000090861,12
720575940000083045,720575940000090861,31
720575940000001954,720575940000090861,-31
720575940000052758,720575940000090861,27
720575940000176837,720575940000090861,-26
720575940000032241,720575940000090861,28
720575940000016609,720575940000090861,-35
720575940000143619,720575940000090861,12
720575940000157297,720575940000090861,12
720575940000142642,720575940000090861,17
720575940000014655,720575940000091838,5
720575940000057643,720575940000091838,33
720575940000204193,720575940000091838,32
720575940000100631,720575940000091838,34
720575940000139711,720575940000091838,37
720575940000062528,720575940000091838,40
720575940000167067,720575940000091838,29
720575940000149481,720575940000091838,37
720575940000076206,720575940000091838,21
720575940000063505,720575940000091838,37
720575940000155343,720575940000092815,39
720575940000102585,720575940000092815,37
720575940000040057,720575940000092815,21
720575940000158274,720575940000092815,35
720575940000084999,720575940000092815,22
720575940000178791,720575940000092815,-33
720575940000121148,720575940000092815,36
720575940000062528,720575940000092815,4
720575940000209078,720575940000092815,39
720575940000106493,720575940000092815,-1
720575940000151435,720575940000093792,23
720575940000162182,720575940000093792,20
720575940000061551,720575940000093792,-7
720575940000005862,720575940000093792,15
720575940000002931,720575940000093792,39
720575940000042011,720575940000093792,22
720575940000003908,720575940000093792,18
720575940000048850,720575940000093792,15
720575940000034195,720575940000093792,5
720575940000036149,720575940000094769,10
720575940000140688,720575940000094769,14
720575940000162182,720575940000094769,-27
720575940000194423,720575940000094769,3
720575940000067413,720575940000094769,17
720575940000014655,720575940000094769,36
720575940000096723,720575940000094769,22
720575940000047873,720575940000094769,-30
720575940000104539,720575940000094769,4
720575940000018563,720575940000094769,-1
720575940000077183,720575940000095746,31
720575940000073275,720575940000095746,24
720575940000082068,720575940000095746,-21
720575940000107470,720575940000095746,11
720575940000049827,720575940000095746,25
720575940000180745,720575940000095746,-7
720575940000077183,720575940000095746,40
720575940000112355,720575940000095746,-31
720575940000198331,720575940000095746,-37
720575940000125056,720575940000095746,32
720575940000192469,720575940000096723,24
720575940000011724,720575940000096723,29
720575940000041034,720575940000096723,4
720575940000053735,720575940000096723,-22
720575940000078160,720575940000096723,-29
720575940000137757,720575940000096723,34
720575940000070344,720575940000096723,36
720575940000077183,720575940000096723,23
720575940000193446,720575940000096723,4
720575940000041034,720575940000096723,8
720575940000023448,720575940000097700,35
720575940000162182,720575940000097700,13
720575940000091838,720575940000097700,-39
720575940000197354,720575940000097700,15
720575940000205170,720575940000097700,20
720575940000014655,720575940000097700,12
720575940000170975,720575940000097700,32
720575940000059597,720575940000097700,24
720575940000087930,720575940000097700,5
720575940000063505,720575940000097700,40
720575940000102585,720575940000098677,-38
720575940000090861,720575940000098677,-33
720575940000124079,720575940000098677,29
720575940000055689,720575940000098677,6
720575940000164136,720575940000098677,-21
720575940000149481,720575940000098677,11
720575940000146550,720575940000098677,-27
720575940000148504,720575940000098677,-32
720575940000117240,720575940000098677,3
720575940000014655,720575940000098677,-13
720575940000176837,720575940000099654,9
720575940000162182,720575940000099654,37
720575940000088907,720575940000099654,23
720575940000168044,720575940000099654,1
720575940000057643,720575940000099654,18
720575940000111378,720575940000099654,6
720575940000016609,720575940000099654,12
720575940000160228,720575940000099654,7
720575940000035172,720575940000099654,-40
720575940000186607,720575940000100631,39
720575940000146550,720575940000100631,-28
720575940000210055,720575940000100631,2
720575940000187584,720575940000100631,5
720575940000182699,720575940000100631,38
720575940000174883,720575940000100631,-21
720575940000012701,720575940000100631,27
720575940000190515,720575940000100631,11
720575940000181722,720575940000100631,-24
720575940000032241,720575940000100631,7
720575940000202239,720575940000101608,36
720575940000183676,720575940000101608,6
720575940000177814,720575940000101608,33
720575940000108447,720575940000101608,4
720575940000062528,720575940000101608,31
720575940000016609,720575940000101608,-31
720575940000025402,720575940000101608,3
720575940000118217,720575940000101608,12
720575940000204193,720575940000101608,2
720575940000077183,720575940000101608,33
720575940000057643,720575940000102585,13
720575940000098677,720575940000102585,21
720575940000066436,720575940000102585,28
720575940000033218,720575940000102585,39
720575940000157297,720575940000102585,6
720575940000064482,720575940000102585,-12
720575940000171952,720575940000102585,20
720575940000173906,720575940000102585,10
720575940000011724,720575940000102585,7
720575940000050804,720575940000102585,22
720575940000013678,720575940000103562,8
720575940000008793,720575940000103562,-5
720575940000152412,720575940000103562,-5
720575940000030287,720575940000103562,15
720575940000006839,720575940000103562,-38
720575940000051781,720575940000103562,26
720575940000134826,720575940000103562,8
720575940000150458,720575940000103562,27
720575940000164136,720575940000103562,-15
720575940000196377,720575940000103562,28
720575940000163159,720575940000104539,36
720575940000151435,720575940000104539,9
720575940000069367,720575940000104539,2
720575940000166090,720575940000104539,6
720575940000203216,720575940000104539,4
720575940000099654,720575940000104539,29
720575940000096723,720575940000104539,16
720575940000170975,720575940000104539,27
720575940000116263,720575940000104539,-24
720575940000197354,720575940000104539,-24
720575940000199308,720575940000105516,1
720575940000032241,720575940000105516,37
720575940000131895,720575940000105516,35
720575940000033218,720575940000105516,-40
720575940000163159,720575940000105516,-24
720575940000103562,720575940000105516,-18
720575940000003908,720575940000105516,10
720575940000039080,720575940000105516,31
720575940000071321,720575940000105516,-4
720575940000052758,720575940000105516,7
720575940000029310,720575940000106493,38
720575940000147527,720575940000106493,23
720575940000021494,720575940000106493,4
720575940000202239,720575940000106493,21
720575940000052758,720575940000106493,3
720575940000182699,720575940000106493,-33
720575940000157297,720575940000106493,-14
720575940000052758,720575940000106493,1
720575940000130918,720575940000106493,5
720575940000130918,720575940000106493,1
720575940000030287,720575940000107470,18
720575940000045919,720575940000107470,14
720575940000050804,720575940000107470,-6
720575940000059597,720575940000107470,-7
720575940000079137,720575940000107470,-11
720575940000058620,720575940000107470,14
720575940000018563,720575940000107470,3
720575940000090861,720575940000107470,-7
720575940000038103,720575940000107470,21
720575940000195400,720575940000107470,36
720575940000085976,720575940000108447,21
720575940000030287,720575940000108447,-11
720575940000004885,720575940000108447,34
720575940000014655,720575940000108447,36
720575940000120171,720575940000108447,11
720575940000106493,720575940000108447,2
720575940000182699,720575940000108447,9
720575940000165113,720575940000108447,20
720575940000178791,720575940000108447,30
720575940000107470,720575940000108447,29
720575940000206147,720575940000109424,10
720575940000004885,720575940000109424,-28
720575940000195400,720575940000109424,30
720575940000091838,720575940000109424,31
720575940000177814,720575940000109424,34
720575940000103562,720575940000109424,40
720575940000153389,720575940000109424,9
720575940000169021,720575940000109424,21
720575940000035172,720575940000109424,20
720575940000126033,720575940000109424,4
720575940000046896,720575940000110401,34
720575940000208101,720575940000110401,-4
720575940000002931,720575940000110401,15
720575940000182699,720575940000110401,31
720575940000156320,720575940000110401,15
720575940000130918,720575940000110401,15
720575940000106493,720575940000110401,40
720575940000079137,720575940000110401,36
720575940000142642,720575940000110401,35
720575940000004885,720575940000111378,15
720575940000193446,720575940000111378,6
720575940000077183,720575940000111378,-9
720575940000189538,720575940000111378,-28
720575940000198331,720575940000111378,29
720575940000100631,720575940000111378,-34
720575940000028333,720575940000111378,31
720575940000039080,720575940000111378,30
720575940000131895,720575940000111378,-9
720575940000165113,720575940000111378,29
720575940000176837,720575940000112355,20
720575940000054712,720575940000112355,26
720575940000009770,720575940000112355,17
720575940000034195,720575940000112355,-20
720575940000038103,720575940000112355,6
720575940000118217,720575940000112355,23
720575940000103562,720575940000112355,21
720575940000058620,720575940000112355,28
720575940000154366,720575940000112355,-37
720575940000152412,720575940000112355,26
720575940000028333,720575940000113332,34
720575940000193446,720575940000113332,39
720575940000023448,720575940000113332,7
720575940000070344,720575940000113332,25
720575940000060574,720575940000113332,-26
720575940000139711,720575940000113332,22
720575940000095746,720575940000113332,36
720575940000135803,720575940000113332,-27
720575940000044942,720575940000113332,-38
720575940000187584,720575940000113332,-27
720575940000049827,720575940000114309,-21
720575940000138734,720575940000114309,-21
720575940000159251,720575940000114309,2
720575940000190515,720575940000114309,10
720575940000061551,720575940000114309,31
720575940000205170,720575940000114309,39
720575940000164136,720575940000114309,1
720575940000108447,720575940000114309,25
720575940000125056,720575940000114309,3
720575940000107470,720575940000114309,35
720575940000133849,720575940000115286,10
720575940000065459,720575940000115286,13
720575940000111378,720575940000115286,39
720575940000002931,720575940000115286,39
720575940000039080,720575940000115286,29
720575940000134826,720575940000115286,19
720575940000084999,720575940000115286,16
720575940000126033,720575940000115286,32
720575940000087930,720575940000115286,-17
720575940000020517,720575940000115286,25
720575940000122125,720575940000116263,38
720575940000072298,720575940000116263,28
720575940000016609,720575940000116263,-8
720575940000165113,720575940000116263,1
720575940000178791,720575940000116263,16
720575940000040057,720575940000116263,17
720575940000099654,720575940000116263,23
720575940000154366,720575940000116263,-17
720575940000188561,720575940000116263,-15
720575940000125056,720575940000116263,-40
720575940000016609,720575940000117240,26
720575940000136780,720575940000117240,36
720575940000079137,720575940000117240,2
720575940000208101,720575940000117240,6
720575940000166090,720575940000117240,34
720575940000074252,720575940000117240,-2
720575940000163159,720575940000117240,9
720575940000209078,720575940000117240,37
720575940000141665,720575940000117240,4
720575940000048850,720575940000117240,26
720575940000161205,720575940000118217,-3
720575940000011724,720575940000118217,19
720575940000203216,720575940000118217,24
720575940000097700,720575940000118217,37
720575940000097700,720575940000118217,34
720575940000129941,720575940000118217,27
720575940000089884,720575940000118217,-21
720575940000190515,720575940000118217,33
720575940000022471,720575940000118217,-1
720575940000155343,720575940000118217,40
720575940000012701,720575940000119194,28
720575940000070344,720575940000119194,-16
720575940000200285,720575940000119194,35
720575940000076206,720575940000119194,13
720575940000068390,720575940000119194,29
720575940000152412,720575940000119194,30
720575940000063505,720575940000119194,27
720575940000169998,720575940000119194,18
720575940000151435,720575940000119194,10
720575940000206147,720575940000120171,9
720575940000129941,720575940000120171,12
720575940000076206,720575940000120171,31
720575940000173906,720575940000120171,5
720575940000194423,720575940000120171,35
720575940000094769,720575940000120171,-3
720575940000130918,720575940000120171,6
720575940000023448,720575940000120171,24
720575940000145573,720575940000120171,-16
720575940000168044,720575940000120171,40
720575940000157297,720575940000121148,12
720575940000118217,720575940000121148,14
720575940000209078,720575940000121148,25
720575940000140688,720575940000121148,-24
720575940000094769,720575940000121148,15
720575940000171952,720575940000121148,-28
720575940000136780,720575940000121148,5
720575940000089884,720575940000121148,-32
720575940000199308,720575940000121148,30
720575940000163159,720575940000121148,-30
720575940000027356,720575940000122125,10
720575940000018563,720575940000122125,-26
720575940000092815,720575940000122125,4
720575940000017586,720575940000122125,-23
720575940000054712,720575940000122125,7
720575940000023448,720575940000122125,17
720575940000162182,720575940000122125,31
720575940000195400,720575940000122125,37
720575940000066436,720575940000122125,-3
720575940000023448,720575940000122125,7
720575940000124079,720575940000123102,-27
720575940000010747,720575940000123102,-39
720575940000087930,720575940000123102,3
720575940000095746,720575940000123102,9
720575940000104539,720575940000123102,-14
720575940000116263,720575940000123102,-13
720575940000128964,720575940000123102,35
720575940000165113,720575940000123102,29
720575940000194423,720575940000123102,32
720575940000007816,720575940000123102,18
720575940000189538,720575940000124079,32
720575940000173906,720575940000124079,14
720575940000050804,720575940000124079,17
720575940000125056,720575940000124079,3
720575940000073275,720575940000124079,15
720575940000189538,720575940000124079,14
720575940000188561,720575940000124079,32
720575940000170975,720575940000124079,-38
720575940000205170,720575940000124079,37
720575940000159251,720575940000124079,15
720575940000034195,720575940000125056,-19
720575940000083045,720575940000125056,34
720575940000174883,720575940000125056,38
720575940000192469,720575940000125056,30
720575940000166090,720575940000125056,39
720575940000162182,720575940000125056,1
720575940000159251,720575940000125056,27
720575940000173906,720575940000125056,26
720575940000210055,720575940000125056,21
720575940000203216,720575940000125056,33
720575940000172929,720575940000126033,27
720575940000043965,720575940000126033,10
720575940000166090,720575940000126033,36
720575940000151435,720575940000126033,26
720575940000144596,720575940000126033,6
720575940000067413,720575940000126033,-1
720575940000013678,720575940000126033,22
720575940000174883,720575940000126033,3
720575940000204193,720575940000126033,6
720575940000104539,720575940000126033,21
720575940000088907,720575940000127010,8
720575940000097700,720575940000127010,-17
720575940000207124,720575940000127010,-35
720575940000140688,720575940000127010,13
720575940000036149,720575940000127010,36
720575940000004885,720575940000127010,37
720575940000126033,720575940000127010,12
720575940000156320,720575940000127010,32
720575940000184653,720575940000127010,40
720575940000182699,720575940000127010,32
720575940000148504,720575940000127987,-23
720575940000104539,720575940000127987,5
720575940000153389,720575940000127987,15
720575940000085976,720575940000127987,18
720575940000166090,720575940000127987,5
720575940000062528,720575940000127987,25
720575940000063505,720575940000127987,36
720575940000107470,720575940000127987,33
720575940000179768,720575940000127987,38
720575940000210055,720575940000127987,4
720575940000060574,720575940000128964,34
720575940000001954,720575940000128964,17
720575940000081091,720575940000128964,36
720575940000084022,720575940000128964,40
720575940000001954,720575940000128964,22
720575940000162182,720575940000128964,9
720575940000085976,720575940000128964,39
720575940000006839,720575940000128964,11
720575940000141665,720575940000128964,28
720575940000069367,720575940000128964,18
720575940000146550,720575940000129941,7
720575940000145573,720575940000129941,27
720575940000114309,720575940000129941,20
720575940000165113,720575940000129941,-1
720575940000008793,720575940000129941,15
720575940000084022,720575940000129941,16
720575940000106493,720575940000129941,37
720575940000087930,720575940000129941,-20
720575940000104539,720575940000129941,37
720575940000073275,720575940000129941,6
720575940000208101,720575940000130918,17
720575940000155343,720575940000130918,11
720575940000133849,720575940000130918,-25
720575940000139711,720575940000130918,27
720575940000149481,720575940000130918,13
720575940000122125,720575940000130918,39
720575940000092815,720575940000130918,25
720575940000017586,720575940000130918,-4
720575940000150458,720575940000130918,5
720575940000108447,720575940000130918,8
720575940000114309,720575940000131895,-3
720575940000098677,720575940000131895,20
720575940000197354,720575940000131895,24
720575940000029310,720575940000131895,19
720575940000138734,720575940000131895,21
720575940000066436,720575940000131895,16
720575940000132872,720575940000131895,8
720575940000081091,720575940000131895,15
720575940000067413,720575940000131895,39
720575940000028333,720575940000131895,18
720575940000012701,720575940000132872,38
720575940000199308,720575940000132872,35
720575940000098677,720575940000132872,30
720575940000197354,720575940000132872,-34
720575940000169021,720575940000132872,25
720575940000168044,720575940000132872,32
720575940000099654,720575940000132872,12
720575940000172929,720575940000132872,30
720575940000064482,720575940000132872,1
720575940000042988,720575940000132872,-7
720575940000084022,720575940000133849,14
720575940000117240,720575940000133849,14
720575940000080114,720575940000133849,-9
720575940000197354,720575940000133849,6
720575940000045919,720575940000133849,-6
720575940000134826,720575940000133849,34
720575940000119194,720575940000133849,38
720575940000049827,720575940000133849,8
720575940000186607,720575940000133849,21
720575940000078160,720575940000133849,-26
720575940000042988,720575940000134826,37
720575940000005862,720575940000134826,-38
720575940000135803,720575940000134826,6
720575940000155343,720575940000134826,14
720575940000063505,720575940000134826,19
720575940000059597,720575940000134826,-13
720575940000101608,720575940000134826,36
720575940000178791,720575940000134826,1
720575940000156320,720575940000134826,11
720575940000151435,720575940000135803,23
720575940000140688,720575940000135803,8
720575940000200285,720575940000135803,14
720575940000034195,720575940000135803,22
720575940000208101,720575940000135803,6
720575940000074252,720575940000135803,25
720575940000064482,720575940000135803,24
720575940000188561,720575940000135803,-20
720575940000030287,720575940000135803,30
720575940000198331,720575940000135803,21
720575940000124079,720575940000136780,28
720575940000024425,720575940000136780,10
720575940000097700,720575940000136780,33
720575940000164136,720575940000136780,17
720575940000042988,720575940000136780,27
720575940000139711,720575940000136780,34
720575940000175860,720575940000136780,29
720575940000143619,720575940000136780,39
720575940000130918,720575940000136780,-10
720575940000082068,720575940000136780,5
720575940000013678,720575940000137757,25
720575940000176837,720575940000137757,9
720575940000026379,720575940000137757,11
720575940000049827,720575940000137757,31
720575940000128964,720575940000137757,5
720575940000036149,720575940000137757,-4
720575940000188561,720575940000137757,28
720575940000044942,720575940000137757,32
720575940000149481,720575940000137757,32
720575940000082068,720575940000137757,12
720575940000010747,720575940000138734,1
720575940000149481,720575940000138734,34
720575940000102585,720575940000138734,9
720575940000119194,720575940000138734,40
720575940000083045,720575940000138734,8
720575940000203216,720575940000138734,-16
720575940000141665,720575940000138734,34
720575940000050804,720575940000138734,24
720575940000135803,720575940000138734,-11
720575940000082068,720575940000138734,13
720575940000042011,720575940000139711,19
720575940000124079,720575940000139711,33
720575940000140688,720575940000139711,9
720575940000004885,720575940000139711,28
720575940000170975,720575940000139711,30
720575940000031264,720575940000139711,14
720575940000126033,720575940000139711,7
720575940000209078,720575940000139711,20
720575940000193446,720575940000139711,36
720575940000017586,720575940000139711,2
720575940000094769,720575940000140688,10
720575940000190515,720575940000140688,-8
720575940000051781,720575940000140688,19
720575940000044942,720575940000140688,-24
720575940000184653,720575940000140688,-33
720575940000075229,720575940000140688,12
720575940000181722,720575940000140688,31
720575940000099654,720575940000140688,39
720575940000156320,720575940000140688,15
720575940000092815,720575940000141665,30
720575940000198331,720575940000141665,30
720575940000155343,720575940000141665,28
720575940000210055,720575940000141665,3
720575940000081091,720575940000141665,38
720575940000048850,720575940000141665,20
720575940000030287,720575940000141665,12
720575940000022471,720575940000141665,5
720575940000187584,720575940000141665,2
720575940000127987,720575940000141665,34
720575940000057643,720575940000142642,5
720575940000173906,720575940000142642,-5
720575940000207124,720575940000142642,16
720575940000192469,720575940000142642,33
720575940000109424,720575940000142642,-8
720575940000080114,720575940000142642,26
720575940000149481,720575940000142642,4
720575940000000977,720575940000142642,30
720575940000077183,720575940000142642,-39
720575940000101608,720575940000142642,31
720575940000070344,720575940000143619,-8
720575940000170975,720575940000143619,-8
720575940000161205,720575940000143619,6
720575940000006839,720575940000143619,35
720575940000132872,720575940000143619,-15
720575940000083045,720575940000143619,-20
720575940000059597,720575940000143619,12
720575940000029310,720575940000143619,1
720575940000123102,720575940000143619,-7
720575940000079137,720575940000143619,-35
720575940000035172,720575940000144596,6
720575940000030287,720575940000144596,16
720575940000134826,720575940000144596,38
720575940000175860,720575940000144596,29
720575940000019540,720575940000144596,25
720575940000112355,720575940000144596,-35
720575940000152412,720575940000144596,-28
720575940000072298,720575940000144596,29
720575940000041034,720575940000144596,-12
720575940000139711,720575940000144596,27
720575940000203216,720575940000145573,19
720575940000158274,720575940000145573,31
720575940000160228,720575940000145573,-2
720575940000033218,720575940000145573,-40
720575940000053735,720575940000145573,-10
720575940000199308,720575940000145573,-22
720575940000065459,720575940000145573,12
720575940000194423,720575940000145573,-22
720575940000084022,720575940000145573,22
720575940000029310,720575940000145573,-4
720575940000109424,720575940000146550,27
720575940000030287,720575940000146550,38
720575940000206147,720575940000146550,-38
720575940000150458,720575940000146550,32
720575940000009770,720575940000146550,36
720575940000127010,720575940000146550,18
720575940000033218,720575940000146550,17
720575940000128964,720575940000146550,39
720575940000087930,720575940000146550,22
720575940000094769,720575940000146550,40
720575940000036149,720575940000147527,17
720575940000054712,720575940000147527,14
720575940000121148,720575940000147527,30
720575940000060574,720575940000147527,8
720575940000037126,720575940000147527,3
720575940000208101,720575940000147527,11
720575940000058620,720575940000147527,-29
720575940000006839,720575940000147527,-14
720575940000046896,720575940000147527,21
720575940000068390,720575940000147527,8
720575940000139711,720575940000148504,27
720575940000140688,720575940000148504,10
720575940000100631,720575940000148504,34
720575940000124079,720575940000148504,12
720575940000162182,720575940000148504,30
720575940000055689,720575940000148504,14
720575940000200285,720575940000148504,38
720575940000000000,720575940000148504,31
720575940000099654,720575940000148504,-21
720575940000003908,720575940000148504,3
720575940000183676,720575940000149481,-37
720575940000033218,720575940000149481,35
720575940000017586,720575940000149481,26
720575940000156320,720575940000149481,6
720575940000113332,720575940000149481,3
720575940000064482,720575940000149481,-1
720575940000187584,720575940000149481,12
720575940000038103,720575940000149481,17
720575940000006839,720575940000149481,4
720575940000140688,720575940000149481,6
720575940000102585,720575940000150458,-3
720575940000007816,720575940000150458,29
720575940000018563,720575940000150458,22
720575940000048850,720575940000150458,-10
720575940000025402,720575940000150458,-20
720575940000142642,720575940000150458,25
720575940000174883,720575940000150458,12
720575940000028333,720575940000150458,-18
720575940000139711,720575940000150458,33
720575940000074252,720575940000150458,31
720575940000171952,720575940000151435,-32
720575940000066436,720575940000151435,19
720575940000067413,720575940000151435,8
720575940000126033,720575940000151435,-5
720575940000195400,720575940000151435,16
720575940000039080,720575940000151435,-20
720575940000073275,720575940000151435,36
720575940000010747,720575940000151435,25
720575940000206147,720575940000151435,-11
720575940000066436,720575940000151435,26
720575940000179768,720575940000152412,8
720575940000013678,720575940000152412,7
720575940000017586,720575940000152412,18
720575940000209078,720575940000152412,5
720575940000082068,720575940000152412,-13
720575940000177814,720575940000152412,17
720575940000182699,720575940000152412,20
720575940000092815,720575940000152412,-24
720575940000131895,720575940000152412,-18
720575940000137757,720575940000152412,9
720575940000193446,720575940000153389,14
720575940000068390,720575940000153389,8
720575940000160228,720575940000153389,10
720575940000013678,720575940000153389,-12
720575940000038103,720575940000153389,22
720575940000026379,720575940000153389,-38
720575940000049827,720575940000153389,-17
720575940000039080,720575940000153389,33
720575940000079137,720575940000153389,-27
720575940000164136,720575940000153389,-3
720575940000177814,720575940000154366,19
720575940000058620,720575940000154366,11
720575940000102585,720575940000154366,-4
720575940000180745,720575940000154366,3
720575940000095746,720575940000154366,22
720575940000122125,720575940000154366,26
720575940000203216,720575940000154366,-23
720575940000090861,720575940000154366,-21
720575940000085976,720575940000154366,15
720575940000188561,720575940000154366,19
720575940000032241,720575940000155343,-20
720575940000162182,720575940000155343,2
720575940000085976,720575940000155343,2
720575940000047873,720575940000155343,-31
720575940000056666,720575940000155343,19
720575940000123102,720575940000155343,-14
720575940000088907,720575940000155343,27
720575940000178791,720575940000155343,7
720575940000145573,720575940000155343,13
720575940000041034,720575940000155343,14
720575940000005862,720575940000156320,-15
720575940000027356,720575940000156320,24
720575940000078160,720575940000156320,-27
720575940000200285,720575940000156320,28
720575940000066436,720575940000156320,31
720575940000125056,720575940000156320,29
720575940000145573,720575940000156320,25
720575940000209078,720575940000156320,2
720575940000204193,720575940000156320,-37
720575940000169998,720575940000156320,9
720575940000119194,720575940000157297,27
720575940000156320,720575940000157297,34
720575940000078160,720575940000157297,8
720575940000100631,720575940000157297,24
720575940000210055,720575940000157297,-40
720575940000088907,720575940000157297,30
720575940000066436,720575940000157297,29
720575940000153389,720575940000157297,-38
720575940000048850,720575940000157297,7
720575940000147527,720575940000157297,34
720575940000004885,720575940000158274,23
720575940000092815,720575940000158274,22
720575940000017586,720575940000158274,15
720575940000152412,720575940000158274,38
720575940000019540,720575940000158274,-13
720575940000003908,720575940000158274,5
720575940000032241,720575940000158274,13
720575940000116263,720575940000158274,9
720575940000081091,720575940000158274,7
720575940000035172,720575940000158274,6
720575940000084999,720575940000159251,28
720575940000046896,720575940000159251,5
720575940000022471,720575940000159251,7
720575940000109424,720575940000159251,3
720575940000158274,720575940000159251,39
720575940000000000,720575940000159251,-11
720575940000179768,720575940000159251,40
720575940000102585,720575940000159251,11
720575940000065459,720575940000159251,16
720575940000055689,720575940000159251,15
720575940000155343,720575940000160228,25
720575940000121148,720575940000160228,27
720575940000026379,720575940000160228,-12
720575940000092815,720575940000160228,-20
720575940000164136,720575940000160228,23
720575940000080114,720575940000160228,24
720575940000131895,720575940000160228,27
720575940000032241,720575940000160228,9
720575940000084999,720575940000160228,36
720575940000100631,720575940000160228,-14
720575940000187584,720575940000161205,29
720575940000111378,720575940000161205,12
720575940000155343,720575940000161205,32
720575940000050804,720575940000161205,19
720575940000179768,720575940000161205,23
720575940000095746,720575940000161205,3
720575940000206147,720575940000161205,15
720575940000088907,720575940000161205,-29
720575940000208101,720575940000161205,4
720575940000079137,720575940000161205,13
720575940000066436,720575940000162182,8
720575940000065459,720575940000162182,35
720575940000145573,720575940000162182,20
720575940000031264,720575940000162182,23
720575940000064482,720575940000162182,6
720575940000105516,720575940000162182,18
720575940000053735,720575940000162182,-7
720575940000006839,720575940000162182,33
720575940000096723,720575940000162182,7
720575940000103562,720575940000162182,27
720575940000061551,720575940000163159,21
720575940000142642,720575940000163159,21
720575940000001954,720575940000163159,23
720575940000210055,720575940000163159,-40
720575940000064482,720575940000163159,19
720575940000084022,720575940000163159,-1
720575940000073275,720575940000163159,24
720575940000107470,720575940000163159,18
720575940000187584,720575940000163159,-4
720575940000098677,720575940000163159,29
720575940000001954,720575940000164136,28
720575940000094769,720575940000164136,19
720575940000137757,720575940000164136,-39
720575940000007816,720575940000164136,-21
720575940000112355,720575940000164136,6
720575940000098677,720575940000164136,36
720575940000158274,720575940000164136,25
720575940000142642,720575940000164136,5
720575940000103562,720575940000164136,20
720575940000018563,720575940000164136,15
720575940000144596,720575940000165113,35
720575940000081091,720575940000165113,-2
720575940000129941,720575940000165113,19
720575940000157297,720575940000165113,-3
720575940000167067,720575940000165113,37
720575940000001954,720575940000165113,4
720575940000114309,720575940000165113,28
720575940000143619,720575940000165113,33
720575940000086953,720575940000165113,23
720575940000164136,720575940000165113,13
720575940000055689,720575940000166090,26
720575940000085976,720575940000166090,39
720575940000072298,720575940000166090,-11
720575940000189538,720575940000166090,-27
720575940000042011,720575940000166090,37
720575940000195400,720575940000166090,7
720575940000195400,720575940000166090,-28
720575940000070344,720575940000166090,-22
720575940000089884,720575940000166090,25
720575940000030287,720575940000166090,25
720575940000132872,720575940000167067,-7
720575940000058620,720575940000167067,17
720575940000158274,720575940000167067,-11
720575940000077183,720575940000167067,-1
720575940000026379,720575940000167067,-12
720575940000074252,720575940000167067,39
720575940000017586,720575940000167067,33
720575940000208101,720575940000167067,15
720575940000181722,720575940000167067,20
720575940000040057,720575940000167067,32
720575940000050804,720575940000168044,-28
720575940000047873,720575940000168044,11
720575940000201262,720575940000168044,11
720575940000091838,720575940000168044,1
720575940000122125,720575940000168044,17
720575940000001954,720575940000168044,10
720575940000084999,720575940000168044,39
720575940000023448,720575940000168044,13
720575940000004885,720575940000168044,-11
720575940000015632,720575940000168044,-27
720575940000084022,720575940000169021,35
720575940000082068,720575940000169021,24
720575940000182699,720575940000169021,28
720575940000147527,720575940000169021,-30
720575940000085976,720575940000169021,34
720575940000051781,720575940000169021,28
720575940000159251,720575940000169021,24
720575940000096723,720575940000169021,30
720575940000175860,720575940000169021,-23
720575940000006839,720575940000169021,38
720575940000195400,720575940000169998,24
720575940000107470,720575940000169998,37
720575940000191492,720575940000169998,-40
720575940000030287,720575940000169998,-22
720575940000090861,720575940000169998,26
720575940000127987,720575940000169998,1
720575940000077183,720575940000169998,22
720575940000206147,720575940000169998,2
720575940000092815,720575940000169998,-1
720575940000187584,720575940000169998,40
720575940000102585,720575940000170975,-25
720575940000033218,720575940000170975,-31
720575940000072298,720575940000170975,39
720575940000093792,720575940000170975,9
720575940000076206,720575940000170975,32
720575940000045919,720575940000170975,-24
720575940000162182,720575940000170975,29
720575940000102585,720575940000170975,6
720575940000208101,720575940000170975,37
720575940000034195,720575940000170975,36
720575940000170975,720575940000171952,32
720575940000185630,720575940000171952,-38
720575940000165113,720575940000171952,-30
720575940000181722,720575940000171952,12
720575940000101608,720575940000171952,-33
720575940000161205,720575940000171952,-35
720575940000097700,720575940000171952,8
720575940000052758,720575940000171952,13
720575940000103562,720575940000171952,13
720575940000114309,720575940000171952,13
720575940000022471,720575940000172929,36
720575940000035172,720575940000172929,15
720575940000070344,720575940000172929,-29
720575940000169998,720575940000172929,-9
720575940000099654,720575940000172929,16
720575940000119194,720575940000172929,7
720575940000084999,720575940000172929,32
720575940000169998,720575940000172929,16
720575940000107470,720575940000172929,-23
720575940000148504,720575940000172929,8
720575940000180745,720575940000173906,34
720575940000075229,720575940000173906,-38
720575940000134826,720575940000173906,-13
720575940000155343,720575940000173906,25
720575940000109424,720575940000173906,39
720575940000007816,720575940000173906,-26
720575940000142642,720575940000173906,17
720575940000111378,720575940000173906,-11
720575940000204193,720575940000173906,-5
720575940000066436,720575940000173906,32
720575940000102585,720575940000174883,40
720575940000084999,720575940000174883,23
720575940000112355,720575940000174883,7
720575940000002931,720575940000174883,11
720575940000191492,720575940000174883,21
720575940000108447,720575940000174883,-25
720575940000076206,720575940000174883,-31
720575940000141665,720575940000174883,-13
720575940000020517,720575940000174883,12
720575940000076206,720575940000174883,-28
720575940000199308,720575940000175860,-36
720575940000062528,720575940000175860,36
720575940000169998,720575940000175860,8
720575940000132872,720575940000175860,-8
720575940000048850,720575940000175860,23
720575940000135803,720575940000175860,-20
720575940000006839,720575940000175860,7
720575940000058620,720575940000175860,-21
720575940000028333,720575940000175860,1
720575940000025402,720575940000175860,-13
720575940000005862,720575940000176837,37
720575940000091838,720575940000176837,40
720575940000091838,720575940000176837,34
720575940000183676,720575940000176837,38
720575940000067413,720575940000176837,25
720575940000179768,720575940000176837,24
720575940000163159,720575940000176837,-16
720575940000164136,720575940000176837,39
720575940000078160,720575940000176837,-33
720575940000105516,720575940000176837,28
720575940000122125,720575940000177814,-11
720575940000151435,720575940000177814,23
720575940000199308,720575940000177814,-9
720575940000168044,720575940000177814,26
720575940000088907,720575940000177814,34
720575940000193446,720575940000177814,31
720575940000085976,720575940000177814,-14
720575940000032241,720575940000177814,14
720575940000039080,720575940000177814,-38
720575940000123102,720575940000177814,10
720575940000168044,720575940000178791,20
720575940000153389,720575940000178791,-13
720575940000175860,720575940000178791,29
720575940000107470,720575940000178791,34
720575940000167067,720575940000178791,-8
720575940000068390,720575940000178791,36
720575940000085976,720575940000178791,4
720575940000109424,720575940000178791,-40
720575940000066436,720575940000178791,3
720575940000169021,720575940000178791,-3
720575940000058620,720575940000179768,8
720575940000145573,720575940000179768,21
720575940000132872,720575940000179768,-10
720575940000080114,720575940000179768,25
720575940000021494,720575940000179768,8
720575940000087930,720575940000179768,14
720575940000175860,720575940000179768,-30
720575940000031264,720575940000179768,35
720575940000196377,720575940000179768,30
720575940000145573,720575940000179768,-30
720575940000155343,720575940000180745,28
720575940000140688,720575940000180745,-22
720575940000201262,720575940000180745,7
720575940000028333,720575940000180745,3
720575940000059597,720575940000180745,26
720575940000027356,720575940000180745,17
720575940000112355,720575940000180745,11
720575940000199308,720575940000180745,28
720575940000140688,720575940000180745,2
720575940000118217,720575940000180745,31
720575940000142642,720575940000181722,-15
720575940000111378,720575940000181722,28
720575940000074252,720575940000181722,18
720575940000072298,720575940000181722,-36
720575940000160228,720575940000181722,-18
720575940000199308,720575940000181722,5
720575940000070344,720575940000181722,35
720575940000112355,720575940000181722,-21
720575940000009770,720575940000181722,21
720575940000170975,720575940000181722,25
720575940000097700,720575940000182699,20
720575940000033218,720575940000182699,10
720575940000208101,720575940000182699,16
720575940000180745,720575940000182699,-4
720575940000151435,720575940000182699,24
720575940000062528,720575940000182699,3
720575940000041034,720575940000182699,-19
720575940000207124,720575940000182699,12
720575940000051781,720575940000182699,25
720575940000208101,720575940000182699,-17
720575940000179768,720575940000183676,23
720575940000007816,720575940000183676,-35
720575940000028333,720575940000183676,26
720575940000142642,720575940000183676,4
720575940000173906,720575940000183676,39
720575940000022471,720575940000183676,31
720575940000184653,720575940000183676,4
720575940000198331,720575940000183676,1
720575940000039080,720575940000183676,31
720575940000184653,720575940000183676,15
720575940000085976,720575940000184653,22
720575940000210055,720575940000184653,28
720575940000072298,720575940000184653,13
720575940000132872,720575940000184653,7
720575940000013678,720575940000184653,39
720575940000084999,720575940000184653,28
720575940000075229,720575940000184653,-17
720575940000168044,720575940000184653,6
720575940000046896,720575940000184653,8
720575940000034195,720575940000184653,13
720575940000092815,720575940000185630,35
720575940000113332,720575940000185630,6
720575940000063505,720575940000185630,29
720575940000207124,720575940000185630,-30
720575940000172929,720575940000185630,38
720575940000021494,720575940000185630,13
720575940000060574,720575940000185630,6
720575940000129941,720575940000185630,10
720575940000155343,720575940000185630,-27
720575940000019540,720575940000185630,5
720575940000013678,720575940000186607,7
720575940000196377,720575940000186607,35
720575940000034195,720575940000186607,22
720575940000000000,720575940000186607,24
720575940000009770,720575940000186607,-17
720575940000012701,720575940000186607,-27
720575940000137757,720575940000186607,4
720575940000053735,720575940000186607,40
720575940000122125,720575940000186607,27
720575940000179768,720575940000186607,2
720575940000133849,720575940000187584,37
720575940000141665,720575940000187584,15
720575940000051781,720575940000187584,31
720575940000198331,720575940000187584,-11
720575940000093792,720575940000187584,37
720575940000102585,720575940000187584,5
720575940000053735,720575940000187584,4
720575940000112355,720575940000187584,36
720575940000203216,720575940000187584,27
720575940000060574,720575940000187584,9
720575940000196377,720575940000188561,5
720575940000209078,720575940000188561,2
720575940000053735,720575940000188561,32
720575940000126033,720575940000188561,35
720575940000172929,720575940000188561,24
720575940000112355,720575940000188561,-29
720575940000098677,720575940000188561,-4
720575940000003908,720575940000188561,-18
720575940000208101,720575940000188561,11
720575940000112355,720575940000188561,-17
720575940000037126,720575940000189538,-33
720575940000000977,720575940000189538,-13
720575940000124079,720575940000189538,-7
720575940000036149,720575940000189538,2
720575940000194423,720575940000189538,-4
720575940000047873,720575940000189538,-8
720575940000170975,720575940000189538,20
720575940000016609,720575940000189538,-9
720575940000149481,720575940000189538,32
720575940000108447,720575940000189538,5
720575940000158274,720575940000190515,-24
720575940000127987,720575940000190515,12
720575940000051781,720575940000190515,-18
720575940000183676,720575940000190515,26
720575940000016609,720575940000190515,12
720575940000186607,720575940000190515,30
720575940000044942,720575940000190515,25
720575940000029310,720575940000190515,-24
720575940000034195,720575940000190515,-16
720575940000205170,720575940000190515,-7
720575940000041034,720575940000191492,6
720575940000184653,720575940000191492,-5
720575940000182699,720575940000191492,-21
720575940000061551,720575940000191492,14
720575940000155343,720575940000191492,7
720575940000188561,720575940000191492,13
720575940000156320,720575940000191492,30
720575940000032241,720575940000191492,9
720575940000020517,720575940000191492,27
720575940000128964,720575940000191492,21
720575940000083045,720575940000192469,8
720575940000066436,720575940000192469,-36
720575940000001954,720575940000192469,11
720575940000194423,720575940000192469,23
720575940000016609,720575940000192469,38
720575940000000000,720575940000192469,15
720575940000199308,720575940000192469,31
720575940000092815,720575940000192469,36
720575940000016609,720575940000192469,9
720575940000164136,720575940000193446,-35
720575940000100631,720575940000193446,-27
720575940000033218,720575940000193446,38
720575940000059597,720575940000193446,5
720575940000048850,720575940000193446,10
720575940000108447,720575940000193446,29
720575940000189538,720575940000193446,35
720575940000084022,720575940000193446,40
720575940000151435,720575940000193446,-7
720575940000090861,720575940000193446,-17
720575940000120171,720575940000194423,-36
720575940000037126,720575940000194423,3
720575940000180745,720575940000194423,30
720575940000077183,720575940000194423,5
720575940000140688,720575940000194423,-25
720575940000191492,720575940000194423,-20
720575940000032241,720575940000194423,2
720575940000157297,720575940000194423,29
720575940000078160,720575940000194423,28
720575940000190515,720575940000194423,-32
720575940000022471,720575940000195400,36
720575940000048850,720575940000195400,11
720575940000123102,720575940000195400,38
720575940000093792,720575940000195400,-26
720575940000047873,720575940000195400,15
720575940000089884,720575940000195400,40
720575940000155343,720575940000195400,29
720575940000042011,720575940000195400,24
720575940000098677,720575940000195400,21
720575940000043965,720575940000196377,25
720575940000152412,720575940000196377,3
720575940000003908,720575940000196377,9
720575940000136780,720575940000196377,11
720575940000104539,720575940000196377,-24
720575940000194423,720575940000196377,10
720575940000045919,720575940000196377,-18
720575940000012701,720575940000196377,14
720575940000083045,720575940000196377,36
720575940000176837,720575940000196377,28
720575940000034195,720575940000197354,-40
720575940000058620,720575940000197354,34
720575940000062528,720575940000197354,-34
720575940000063505,720575940000197354,31
720575940000088907,720575940000197354,5
720575940000175860,720575940000197354,20
720575940000178791,720575940000197354,1
720575940000119194,720575940000197354,16
720575940000039080,720575940000197354,-33
720575940000044942,720575940000197354,27
720575940000023448,720575940000198331,-14
720575940000205170,720575940000198331,31
720575940000001954,720575940000198331,20
720575940000116263,720575940000198331,28
720575940000036149,720575940000198331,25
720575940000011724,720575940000198331,14
720575940000021494,720575940000198331,11
720575940000092815,720575940000198331,30
720575940000022471,720575940000198331,36
720575940000056666,720575940000198331,21
720575940000081091,720575940000199308,28
720575940000005862,720575940000199308,40
720575940000203216,720575940000199308,-34
720575940000046896,720575940000199308,30
720575940000142642,720575940000199308,7
720575940000164136,720575940000199308,20
720575940000191492,720575940000199308,11
720575940000006839,720575940000199308,34
720575940000103562,720575940000199308,25
720575940000084999,720575940000199308,3
720575940000182699,720575940000200285,6
720575940000184653,720575940000200285,2
720575940000098677,720575940000200285,35
720575940000124079,720575940000200285,22
720575940000106493,720575940000200285,11
720575940000050804,720575940000200285,31
720575940000024425,720575940000200285,40
720575940000169998,720575940000200285,36
720575940000028333,720575940000200285,-27
720575940000106493,720575940000200285,5
720575940000137757,720575940000201262,10
720575940000169998,720575940000201262,20
720575940000166090,720575940000201262,30
720575940000121148,720575940000201262,1
720575940000153389,720575940000201262,4
720575940000039080,720575940000201262,-20
720575940000149481,720575940000201262,37
720575940000189538,720575940000201262,39
720575940000017586,720575940000201262,1
720575940000075229,720575940000201262,29
720575940000105516,720575940000202239,10
720575940000046896,720575940000202239,24
720575940000139711,720575940000202239,34
720575940000197354,720575940000202239,2
720575940000043965,720575940000202239,26
720575940000105516,720575940000202239,-5
720575940000157297,720575940000202239,21
720575940000210055,720575940000202239,-6
720575940000130918,720575940000202239,4
720575940000091838,720575940000202239,29
720575940000205170,720575940000203216,21
720575940000077183,720575940000203216,33
720575940000127987,720575940000203216,-17
720575940000012701,720575940000203216,15
720575940000167067,720575940000203216,2
720575940000134826,720575940000203216,38
720575940000003908,720575940000203216,5
720575940000136780,720575940000203216,25
720575940000204193,720575940000203216,-11
720575940000161205,720575940000203216,-33
720575940000081091,720575940000204193,23
720575940000185630,720575940000204193,28
720575940000013678,720575940000204193,16
720575940000017586,720575940000204193,40
720575940000018563,720575940000204193,11
720575940000056666,720575940000204193,6
720575940000190515,720575940000204193,21
720575940000145573,720575940000204193,-11
720575940000070344,720575940000204193,-17
720575940000158274,720575940000204193,7
720575940000034195,720575940000205170,-1
720575940000154366,720575940000205170,-33
720575940000069367,720575940000205170,-26
720575940000110401,720575940000205170,-8
720575940000033218,720575940000205170,17
720575940000034195,720575940000205170,15
720575940000056666,720575940000205170,8
720575940000156320,720575940000205170,-14
720575940000098677,720575940000205170,-18
720575940000027356,720575940000205170,7
720575940000185630,720575940000206147,32
720575940000195400,720575940000206147,-24
720575940000184653,720575940000206147,-15
720575940000080114,720575940000206147,-40
720575940000186607,720575940000206147,33
720575940000188561,720575940000206147,24
720575940000121148,720575940000206147,8
720575940000175860,720575940000206147,3
720575940000135803,720575940000206147,28
720575940000068390,720575940000206147,15
720575940000019540,720575940000207124,25
720575940000204193,720575940000207124,32
720575940000091838,720575940000207124,33
720575940000203216,720575940000207124,-32
720575940000153389,720575940000207124,-6
720575940000028333,720575940000207124,30
720575940000175860,720575940000207124,-21
720575940000025402,720575940000207124,-30
720575940000039080,720575940000207124,37
720575940000027356,720575940000207124,8
720575940000181722,720575940000208101,5
720575940000011724,720575940000208101,-36
720575940000078160,720575940000208101,6
720575940000152412,720575940000208101,-15
720575940000180745,720575940000208101,19
720575940000098677,720575940000208101,29
720575940000171952,720575940000208101,-9
720575940000203216,720575940000208101,23
720575940000149481,720575940000208101,-23
720575940000182699,720575940000208101,31
720575940000170975,720575940000209078,7
720575940000206147,720575940000209078,24
720575940000053735,720575940000209078,22
720575940000119194,720575940000209078,29
720575940000181722,720575940000209078,3
720575940000013678,720575940000209078,26
720575940000004885,720575940000209078,-8
720575940000094769,720575940000209078,-22
720575940000085976,720575940000209078,10
720575940000205170,720575940000209078,11
720575940000085976,720575940000210055,-4
720575940000024425,720575940000210055,18
720575940000119194,720575940000210055,13
720575940000130918,720575940000210055,16
720575940000180745,720575940000210055,25
720575940000103562,720575940000210055,17
720575940000201262,720575940000210055,14
720575940000089884,720575940000210055,23
720575940000173906,720575940000210055,11
720575940000100631,720575940000210055,19
720575940000183676,720575940000211032,4
720575940000068390,720575940000211032,33
720575940000200285,720575940000211032,11
720575940000101608,720575940000211032,5
720575940000100631,720575940000211032,35
720575940000090861,720575940000211032,34
720575940000140688,720575940000211032,-14
720575940000051781,720575940000211032,16
720575940000177814,720575940000211032,10
720575940000182699,720575940000211032,26
720575940000110401,720575940000212009,28
720575940000127010,720575940000212009,20
720575940000151435,720575940000212009,16
720575940000149481,720575940000212009,-23
720575940000034195,720575940000212009,-21
720575940000176837,720575940000212009,-32
720575940000104539,720575940000212009,-36
720575940000066436,720575940000212009,7
720575940000061551,720575940000212009,1
720575940000055689,720575940000212009,35
720575940000120171,720575940000212986,14
720575940000055689,720575940000212986,17
720575940000180745,720575940000212986,-27
720575940000104539,720575940000212986,4
720575940000069367,720575940000212986,27
720575940000114309,720575940000212986,-34
720575940000089884,720575940000212986,6
720575940000091838,720575940000212986,10
720575940000127987,720575940000212986,31
720575940000025402,720575940000212986,40
720575940000112355,720575940000213963,20
720575940000090861,720575940000213963,31
720575940000070344,720575940000213963,20
720575940000091838,720575940000213963,-1
720575940000140688,720575940000213963,22
720575940000053735,720575940000213963,9
720575940000148504,720575940000213963,19
720575940000148504,720575940000213963,24
720575940000210055,720575940000213963,32
720575940000169998,720575940000213963,-1
720575940000064482,720575940000214940,36
720575940000084022,720575940000214940,25
720575940000142642,720575940000214940,-3
720575940000109424,720575940000214940,-1
720575940000055689,720575940000214940,-25
720575940000089884,720575940000214940,23
720575940000068390,720575940000214940,-22
720575940000025402,720575940000214940,10
720575940000187584,720575940000214940,-26
720575940000156320,720575940000214940,-4
720575940000049827,720575940000215917,-22
720575940000156320,720575940000215917,34
720575940000129941,720575940000215917,19
720575940000084022,720575940000215917,20
720575940000190515,720575940000215917,-38
720575940000143619,720575940000215917,7
720575940000117240,720575940000215917,2
720575940000199308,720575940000215917,-20
720575940000084999,720575940000215917,21
720575940000188561,720575940000215917,-40
720575940000169021,720575940000216894,29
720575940000058620,720575940000216894,26
720575940000106493,720575940000216894,-30
720575940000118217,720575940000216894,4
720575940000134826,720575940000216894,23
720575940000084022,720575940000216894,34
720575940000063505,720575940000216894,27
720575940000028333,720575940000216894,-30
720575940000210055,720575940000216894,10
720575940000087930,720575940000216894,-38
720575940000200285,720575940000217871,-23
720575940000203216,720575940000217871,36
720575940000057643,720575940000217871,39
720575940000047873,720575940000217871,11
720575940000100631,720575940000217871,24
720575940000036149,720575940000217871,7
720575940000201262,720575940000217871,32
720575940000165113,720575940000217871,12
720575940000084999,720575940000217871,-17
720575940000060574,720575940000217871,32
720575940000047873,720575940000218848,32
720575940000030287,720575940000218848,-32
720575940000127010,720575940000218848,-20
720575940000039080,720575940000218848,-19
720575940000174883,720575940000218848,1
720575940000111378,720575940000218848,-28
720575940000170975,720575940000218848,33
720575940000197354,720575940000218848,10
720575940000131895,720575940000218848,14
720575940000153389,720575940000218848,31
720575940000120171,720575940000219825,-35
720575940000110401,720575940000219825,-14
720575940000141665,720575940000219825,-1
720575940000191492,720575940000219825,3
720575940000043965,720575940000219825,10
720575940000112355,720575940000219825,-2
720575940000061551,720575940000219825,-8
720575940000071321,720575940000219825,3
720575940000072298,720575940000219825,-29
720575940000198331,720575940000219825,25
720575940000061551,720575940000220802,16
720575940000132872,720575940000220802,-5
720575940000035172,720575940000220802,25
720575940000151435,720575940000220802,-24
720575940000153389,720575940000220802,3
720575940000082068,720575940000220802,10
720575940000171952,720575940000220802,6
720575940000119194,720575940000220802,-10
720575940000032241,720575940000220802,7
720575940000042988,720575940000220802,-1
720575940000133849,720575940000221779,19
720575940000187584,720575940000221779,15
720575940000106493,720575940000221779,29
720575940000084022,720575940000221779,23
720575940000190515,720575940000221779,28
720575940000044942,720575940000221779,-34
720575940000186607,720575940000221779,28
720575940000171952,720575940000221779,20
720575940000037126,720575940000221779,24
720575940000192469,720575940000221779,-5
720575940000191492,720575940000222756,3
720575940000067413,720575940000222756,-21
720575940000117240,720575940000222756,1
720575940000093792,720575940000222756,-19
720575940000066436,720575940000222756,40
720575940000166090,720575940000222756,-19
720575940000188561,720575940000222756,-28
720575940000057643,720575940000222756,35
720575940000050804,720575940000222756,25
720575940000072298,720575940000222756,22
720575940000136780,720575940000223733,-19
720575940000151435,720575940000223733,-12
720575940000146550,720575940000223733,25
720575940000152412,720575940000223733,34
720575940000129941,720575940000223733,-24
720575940000157297,720575940000223733,-1
720575940000183676,720575940000223733,-23
720575940000088907,720575940000223733,18
720575940000162182,720575940000223733,6
720575940000194423,720575940000223733,25
720575940000170975,720575940000224710,-15
720575940000131895,720575940000224710,-11
720575940000045919,720575940000224710,19
720575940000074252,720575940000224710,-36
720575940000181722,720575940000224710,-16
720575940000134826,720575940000224710,23
720575940000082068,720575940000224710,-17
720575940000048850,720575940000224710,22
720575940000166090,720575940000224710,27
720575940000167067,720575940000224710,7
720575940000080114,720575940000225687,3
720575940000153389,720575940000225687,26
720575940000114309,720575940000225687,22
720575940000150458,720575940000225687,-7
720575940000063505,720575940000225687,20
720575940000103562,720575940000225687,11
720575940000151435,720575940000225687,21
720575940000124079,720575940000225687,32
720575940000119194,720575940000225687,15
720575940000073275,720575940000225687,-20
720575940000052758,720575940000226664,4
720575940000108447,720575940000226664,37
720575940000023448,720575940000226664,2
720575940000071321,720575940000226664,-40
720575940000179768,720575940000226664,-9
720575940000197354,720575940000226664,29
720575940000090861,720575940000226664,-27
720575940000153389,720575940000226664,2
720575940000171952,720575940000226664,20
720575940000206147,720575940000226664,2
720575940000034195,720575940000227641,-19
720575940000039080,720575940000227641,8
720575940000169021,720575940000227641,-19
720575940000114309,720575940000227641,3
720575940000033218,720575940000227641,38
720575940000036149,720575940000227641,8
720575940000181722,720575940000227641,17
720575940000140688,720575940000227641,-7
720575940000043965,720575940000227641,-37
720575940000046896,720575940000227641,38
720575940000125056,720575940000228618,-34
720575940000053735,720575940000228618,9
720575940000083045,720575940000228618,-6
720575940000106493,720575940000228618,5
720575940000076206,720575940000228618,32
720575940000139711,720575940000228618,7
720575940000056666,720575940000228618,-14
720575940000155343,720575940000228618,23
720575940000110401,720575940000228618,35
720575940000057643,720575940000228618,17
720575940000104539,720575940000229595,35
720575940000069367,720575940000229595,-8
720575940000135803,720575940000229595,-20
720575940000029310,720575940000229595,40
720575940000092815,720575940000229595,-22
720575940000140688,720575940000229595,9
720575940000083045,720575940000229595,-28
720575940000083045,720575940000229595,6
720575940000172929,720575940000229595,-3
720575940000189538,720575940000229595,11
720575940000062528,720575940000230572,15
720575940000127987,720575940000230572,33
720575940000053735,720575940000230572,22
720575940000113332,720575940000230572,24
720575940000136780,720575940000230572,-39
720575940000200285,720575940000230572,18
720575940000163159,720575940000230572,12
720575940000121148,720575940000230572,19
720575940000168044,720575940000230572,1
720575940000157297,720575940000230572,28
720575940000192469,720575940000231549,8
720575940000162182,720575940000231549,-2
720575940000121148,720575940000231549,13
720575940000112355,720575940000231549,37
720575940000040057,720575940000231549,7
720575940000026379,720575940000231549,-31
720575940000080114,720575940000231549,27
720575940000060574,720575940000231549,28
720575940000089884,720575940000231549,39
720575940000194423,720575940000231549,21
720575940000168044,720575940000232526,14
720575940000027356,720575940000232526,1
720575940000082068,720575940000232526,39
720575940000066436,720575940000232526,12
720575940000063505,720575940000232526,22
720575940000190515,720575940000232526,37
720575940000133849,720575940000232526,-7
720575940000131895,720575940000232526,19
720575940000135803,720575940000232526,29
720575940000035172,720575940000232526,-31
720575940000204193,720575940000233503,27
720575940000086953,720575940000233503,2
720575940000118217,720575940000233503,27
720575940000086953,720575940000233503,-39
720575940000101608,720575940000233503,15
720575940000044942,720575940000233503,-18
720575940000174883,720575940000233503,-7
720575940000027356,720575940000233503,17
720575940000162182,720575940000233503,19
720575940000118217,720575940000233503,36
720575940000000000,720575940000052758,11
720575940000000000,720575940000136780,23
720575940000000000,720575940000194423,27
720575940000000000,720575940000085976,14
720575940000000000,720575940000103562,29
720575940000000000,720575940000058620,18
720575940000000977,720575940000027356,22
720575940000000977,720575940000207124,13
720575940000000977,720575940000049827,13
720575940000000977,720575940000098677,25
720575940000000977,720575940000081091,11
720575940000000977,720575940000028333,4
720575940000001954,720575940000099654,8
720575940000001954,720575940000195400,23
720575940000001954,720575940000023448,11
720575940000001954,720575940000059597,26
720575940000001954,720575940000047873,25
720575940000001954,720575940000114309,10
720575940000002931,720575940000036149,2
720575940000002931,720575940000139711,5
720575940000002931,720575940000054712,18
720575940000002931,720575940000043965,16
720575940000002931,720575940000132872,13
720575940000002931,720575940000127010,21
720575940000003908,720575940000198331,6
720575940000003908,720575940000075229,29
720575940000003908,720575940000187584,12
720575940000003908,720575940000099654,21
720575940000003908,720575940000175860,10
720575940000003908,720575940000158274,3
720575940000004885,720575940000114309,22
720575940000004885,720575940000205170,27
720575940000004885,720575940000050804,12
720575940000004885,720575940000118217,7
720575940000004885,720575940000195400,22
720575940000004885,720575940000028333,16
720575940000005862,720575940000117240,25
720575940000005862,720575940000058620,28
720575940000005862,720575940000042011,18
720575940000005862,720575940000177814,1
720575940000005862,720575940000088907,8
720575940000005862,720575940000103562,3
720575940000006839,720575940000185630,16
720575940000006839,720575940000138734,18
720575940000006839,720575940000143619,30
720575940000006839,720575940000030287,21
720575940000006839,720575940000156320,17
720575940000006839,720575940000111378,5
720575940000007816,720575940000165113,25
720575940000007816,720575940000080114,26
720575940000007816,720575940000114309,12
720575940000007816,720575940000046896,18
720575940000007816,720575940000084999,23
720575940000007816,720575940000151435,2
720575940000008793,720575940000179768,11
720575940000008793,720575940000067413,11
720575940000008793,720575940000209078,8
720575940000008793,720575940000068390,24
720575940000008793,720575940000068390,17
720575940000008793,720575940000169021,13
720575940000009770,720575940000194423,3
720575940000009770,720575940000180745,14
720575940000009770,720575940000185630,15
720575940000009770,720575940000117240,10
720575940000009770,720575940000091838,6
720575940000009770,720575940000097700,29
720575940000010747,720575940000064482,18
720575940000010747,720575940000182699,30
720575940000010747,720575940000143619,4
720575940000010747,720575940000094769,5
720575940000010747,720575940000177814,21
720575940000010747,720575940000057643,7
720575940000011724,720575940000101608,19
720575940000011724,720575940000202239,1
720575940000011724,720575940000104539,20
720575940000011724,720575940000030287,21
720575940000011724,720575940000050804,23
720575940000011724,720575940000082068,15
720575940000012701,720575940000090861,9
720575940000012701,720575940000179768,1
720575940000012701,720575940000057643,14
720575940000012701,720575940000180745,21
720575940000012701,720575940000026379,21
720575940000012701,720575940000186607,20
720575940000013678,720575940000135803,26
720575940000013678,720575940000198331,7
720575940000013678,720575940000053735,7
720575940000013678,720575940000122125,23
720575940000013678,720575940000137757,23
720575940000013678,720575940000154366,25
720575940000014655,720575940000035172,18
720575940000014655,720575940000060574,17
720575940000014655,720575940000129941,7
720575940000014655,720575940000198331,26
720575940000014655,720575940000156320,22
720575940000014655,720575940000056666,25
720575940000015632,720575940000062528,5
720575940000015632,720575940000103562,9
720575940000015632,720575940000210055,27
720575940000015632,720575940000048850,2
720575940000015632,720575940000184653,14
720575940000015632,720575940000041034,22
720575940000016609,720575940000181722,30
720575940000016609,720575940000198331,28
720575940000016609,720575940000171952,21
720575940000016609,720575940000153389,8
720575940000016609,720575940000092815,26
720575940000016609,720575940000059597,3
720575940000017586,720575940000205170,28
720575940000017586,720575940000130918,26
720575940000017586,720575940000120171,3
720575940000017586,720575940000092815,14
720575940000017586,720575940000207124,8
720575940000017586,720575940000143619,3
720575940000018563,720575940000202239,6
720575940000018563,720575940000202239,29
720575940000018563,720575940000176837,23
720575940000018563,720575940000058620,24
720575940000018563,720575940000086953,13
720575940000018563,720575940000058620,19
720575940000019540,720575940000127010,13
720575940000019540,720575940000090861,18
720575940000019540,720575940000069367,13
720575940000019540,720575940000120171,7
720575940000019540,720575940000205170,10
720575940000019540,720575940000123102,13
720575940000020517,720575940000056666,1
720575940000020517,720575940000042988,16
720575940000020517,720575940000065459,23
720575940000020517,720575940000203216,2
720575940000020517,720575940000024425,20
720575940000020517,720575940000034195,1
720575940000021494,720575940000142642,22
720575940000021494,720575940000152412,4
720575940000021494,720575940000032241,20
720575940000021494,720575940000119194,21
720575940000021494,720575940000033218,23
720575940000021494,720575940000158274,9
720575940000022471,720575940000186607,2
720575940000022471,720575940000153389,13
720575940000022471,720575940000096723,28
720575940000022471,720575940000047873,20
720575940000022471,720575940000205170,25
720575940000022471,720575940000163159,13
