id,role
720575940000000000,sensory
720575940000000977,sensory
720575940000001954,sensory
720575940000002931,sensory
720575940000003908,sensory
720575940000004885,sensory
720575940000005862,sensory
720575940000006839,sensory
720575940000007816,sensory
720575940000008793,sensory
720575940000009770,sensory
720575940000010747,sensory
720575940000011724,sensory
720575940000012701,sensory
720575940000013678,sensory
720575940000014655,sensory
720575940000015632,sensory
720575940000016609,sensory
720575940000017586,sensory
720575940000018563,sensory
720575940000019540,sensory
720575940000020517,sensory
720575940000021494,sensory
720575940000022471,sensory
720575940000211032,descending
720575940000212009,descending
720575940000212986,descending
720575940000213963,descending
720575940000214940,descending
720575940000215917,descending
720575940000216894,descending
720575940000217871,descending
720575940000218848,descending
720575940000219825,descending
720575940000220802,descending
720575940000221779,descending
720575940000222756,descending
720575940000223733,descending
720575940000224710,descending
720575940000225687,descending
720575940000226664,descending
720575940000227641,descending
720575940000228618,descending
720575940000229595,descending
720575940000230572,descending
720575940000231549,descending
720575940000232526,descending
720575940000233503,descending
